-- ============================================================================
-- 영주헬스(gym_id=3) 테스트 데이터 시드
-- 생성일: 2026-07-09 / 현재 DB 상태 덤프 (Claude Code 세션에서 적재한 데이터)
-- ============================================================================
-- 적재 방식 요약:
--  · h_member / h_contract_data : 실제 발행 API(POST /contract/insert)를
--    영주헬스 사장님(99991000, OWNER) JWT로 호출 → contractInsert + autoJoin
--    트랜잭션으로 생성한 뒤, 아래 후처리 UPDATE를 적용한 최종 상태.
--      - 전체 status ISSUED → SIGNED, signed_at 기록
--      - 트레이너 계약: 3~4월 시작, 1년 계약 (담당 PT보다 먼저 재직하도록)
--      - 회원/PT 계약: 5/1~7/9 분산 시작, 이용권 +2개월 / PT +3개월,
--        issue_date = start_date, signed_at = start_date + 영업시간대 시각
--  · h_check_inout : 회원별 출석 패턴(성실/보통/캐주얼/작심삼주/주말만/유령/
--    재활성화/몰아서운동) + 선호 요일·시간대·휴가 공백 반영. PT는 소진율 15~80%.
--    duration = avg_workout_hour*60 + avg_workout_minute (완전 일치).
--  · h_survey : 방문 빈도↑→만족도↑, 잠수→부상/불편↑, PT 소진율→직원 만족도 반영.
--
-- 주의:
--  · data_id / survey_id 는 identity BY DEFAULT — 명시 삽입되므로 빈 DB 기준.
--    이미 데이터가 있는 DB에 재적재하면 PK 충돌 가능. h_check_inout의 id는 생략(자동).
--  · 아이디 체계: 사장님 99991000 / 트레이너 99991101~110 / 회원 99990001~053
-- ============================================================================


-- ----------------------------------------------------------------------------
-- h_member — 트레이너 10명 + 이용권 회원 30명 + PT 회원 23명 (자동가입분, 초기 비밀번호=아이디) (63건)
-- ----------------------------------------------------------------------------
INSERT INTO "h_member" (username, password, name, email, role, gym_id, birth, status) VALUES
    (99990001, '99990001', '영주헬스 회원1', NULL, 'member', 3, '1976-02-02', '이용중'),
    (99990002, '99990002', '영주헬스 회원2', NULL, 'member', 3, '1977-03-03', '이용중'),
    (99990003, '99990003', '영주헬스 회원3', NULL, 'member', 3, '1978-04-04', '이탈'),
    (99990004, '99990004', '영주헬스 회원4', NULL, 'member', 3, '1979-05-05', '이용중'),
    (99990005, '99990005', '영주헬스 회원5', NULL, 'member', 3, '1980-06-06', '이용중'),
    (99990006, '99990006', '영주헬스 회원6', NULL, 'member', 3, '1981-07-07', '이용중'),
    (99990007, '99990007', '영주헬스 회원7', NULL, 'member', 3, '1982-08-08', '이용중'),
    (99990008, '99990008', '영주헬스 회원8', NULL, 'member', 3, '1983-09-09', '이탈'),
    (99990009, '99990009', '영주헬스 회원9', NULL, 'member', 3, '1984-10-10', '이용중'),
    (99990010, '99990010', '영주헬스 회원10', NULL, 'member', 3, '1985-11-11', '이용중'),
    (99990011, '99990011', '영주헬스 회원11', NULL, 'member', 3, '1986-12-12', '이용중'),
    (99990012, '99990012', '영주헬스 회원12', NULL, 'member', 3, '1987-01-13', '이용중'),
    (99990013, '99990013', '영주헬스 회원13', NULL, 'member', 3, '1988-02-14', '이용중'),
    (99990014, '99990014', '영주헬스 회원14', NULL, 'member', 3, '1989-03-15', '이탈'),
    (99990015, '99990015', '영주헬스 회원15', NULL, 'member', 3, '1990-04-16', '이용중'),
    (99990016, '99990016', '영주헬스 회원16', NULL, 'member', 3, '1991-05-17', '이용중'),
    (99990017, '99990017', '영주헬스 회원17', NULL, 'member', 3, '1992-06-18', '이용중'),
    (99990018, '99990018', '영주헬스 회원18', NULL, 'member', 3, '1993-07-19', '이용중'),
    (99990019, '99990019', '영주헬스 회원19', NULL, 'member', 3, '1994-08-20', '이탈'),
    (99990020, '99990020', '영주헬스 회원20', NULL, 'member', 3, '1995-09-21', '이용중'),
    (99990021, '99990021', '영주헬스 회원21', NULL, 'member', 3, '1996-10-22', '이용중'),
    (99990022, '99990022', '영주헬스 회원22', NULL, 'member', 3, '1997-11-23', '이용중'),
    (99990023, '99990023', '영주헬스 회원23', NULL, 'member', 3, '1998-12-24', '이용중'),
    (99990024, '99990024', '영주헬스 회원24', NULL, 'member', 3, '1999-01-25', '이용중'),
    (99990025, '99990025', '영주헬스 회원25', NULL, 'member', 3, '1975-02-26', '이용중'),
    (99990026, '99990026', '영주헬스 회원26', NULL, 'member', 3, '1976-03-27', '이용중'),
    (99990027, '99990027', '영주헬스 회원27', NULL, 'member', 3, '1977-04-01', '이용중'),
    (99990028, '99990028', '영주헬스 회원28', NULL, 'member', 3, '1978-05-02', '이용중'),
    (99990029, '99990029', '영주헬스 회원29', NULL, 'member', 3, '1979-06-03', '이용중'),
    (99990030, '99990030', '영주헬스 회원30', NULL, 'member', 3, '1980-07-04', '이탈'),
    (99990031, '99990031', '영주헬스 pt회원1', NULL, 'member', 3, '1981-02-06', '이용중'),
    (99990032, '99990032', '영주헬스 pt회원2', NULL, 'member', 3, '1984-03-11', '이용중'),
    (99990033, '99990033', '영주헬스 pt회원3', NULL, 'member', 3, '1987-04-16', '이용중'),
    (99990034, '99990034', '영주헬스 pt회원4', NULL, 'member', 3, '1990-05-21', '이용중'),
    (99990035, '99990035', '영주헬스 pt회원5', NULL, 'member', 3, '1993-06-26', '이용중'),
    (99990036, '99990036', '영주헬스 pt회원6', NULL, 'member', 3, '1996-07-04', '이용중'),
    (99990037, '99990037', '영주헬스 pt회원7', NULL, 'member', 3, '1999-08-09', '이용중'),
    (99990038, '99990038', '영주헬스 pt회원8', NULL, 'member', 3, '1980-09-14', '이용중'),
    (99990039, '99990039', '영주헬스 pt회원9', NULL, 'member', 3, '1983-10-19', '이용중'),
    (99990040, '99990040', '영주헬스 pt회원10', NULL, 'member', 3, '1986-11-24', '이용중'),
    (99990041, '99990041', '영주헬스 pt회원11', NULL, 'member', 3, '1989-12-02', '이용중'),
    (99990042, '99990042', '영주헬스 pt회원12', NULL, 'member', 3, '1992-01-07', '이용중'),
    (99990043, '99990043', '영주헬스 pt회원13', NULL, 'member', 3, '1995-02-12', '이용중'),
    (99990044, '99990044', '영주헬스 pt회원14', NULL, 'member', 3, '1998-03-17', '이용중'),
    (99990045, '99990045', '영주헬스 pt회원15', NULL, 'member', 3, '1979-04-22', '이용중'),
    (99990046, '99990046', '영주헬스 pt회원16', NULL, 'member', 3, '1982-05-27', '이용중'),
    (99990047, '99990047', '영주헬스 pt회원17', NULL, 'member', 3, '1985-06-05', '이용중'),
    (99990048, '99990048', '영주헬스 pt회원18', NULL, 'member', 3, '1988-07-10', '이용중'),
    (99990049, '99990049', '영주헬스 pt회원19', NULL, 'member', 3, '1991-08-15', '이용중'),
    (99990050, '99990050', '영주헬스 pt회원20', NULL, 'member', 3, '1994-09-20', '이용중'),
    (99990051, '99990051', '영주헬스 pt회원21', NULL, 'member', 3, '1997-10-25', '이용중'),
    (99990052, '99990052', '영주헬스 pt회원22', NULL, 'member', 3, '1978-11-03', '이용중'),
    (99990053, '99990053', '영주헬스 pt회원23', NULL, 'member', 3, '1981-12-08', '이용중'),
    (99991101, '99991101', '영주헬스 트레이너1', NULL, 'trainer', 3, NULL, '이용중'),
    (99991102, '99991102', '영주헬스 트레이너2', NULL, 'trainer', 3, NULL, '이용중'),
    (99991103, '99991103', '영주헬스 트레이너3', NULL, 'trainer', 3, NULL, '이용중'),
    (99991104, '99991104', '영주헬스 트레이너4', NULL, 'trainer', 3, NULL, '이용중'),
    (99991105, '99991105', '영주헬스 트레이너5', NULL, 'trainer', 3, NULL, '이용중'),
    (99991106, '99991106', '영주헬스 트레이너6', NULL, 'trainer', 3, NULL, '이용중'),
    (99991107, '99991107', '영주헬스 트레이너7', NULL, 'trainer', 3, NULL, '이용중');

INSERT INTO "h_member" (username, password, name, email, role, gym_id, birth, status) VALUES
    (99991108, '99991108', '영주헬스 트레이너8', NULL, 'trainer', 3, NULL, '이용중'),
    (99991109, '99991109', '영주헬스 트레이너9', NULL, 'trainer', 3, NULL, '이용중'),
    (99991110, '99991110', '영주헬스 트레이너10', NULL, 'trainer', 3, NULL, '이용중');


-- ----------------------------------------------------------------------------
-- h_contract_data — 임금계약(2) 10건 + 이용권(3) 30건 + PT(4) 23건 / 전부 SIGNED, 발행일=시작일 (63건)
-- ----------------------------------------------------------------------------
INSERT INTO "h_contract_data" (data_id, contract, gym_id, sender_id, receiver_id, receiver_name, status, start_date, end_date, amount, contract_rate, quantity, issue_date, signed_at, manager_id, birth_date, avg_workout_hour, avg_workout_minute) VALUES
    (51, 2, 3, 99991000, 99991101, '영주헬스트레이너1', 'SIGNED', '2026-03-28', '2027-03-28', 300, '55', NULL, '2026-03-28', '2026-03-28 16:57:00', NULL, NULL, NULL, NULL),
    (52, 2, 3, 99991000, 99991102, '영주헬스트레이너2', 'SIGNED', '2026-04-04', '2027-04-04', 300, '55', NULL, '2026-04-04', '2026-04-04 17:04:00', NULL, NULL, NULL, NULL),
    (53, 2, 3, 99991000, 99991103, '영주헬스트레이너3', 'SIGNED', '2026-04-11', '2027-04-11', 300, '55', NULL, '2026-04-11', '2026-04-11 18:11:00', NULL, NULL, NULL, NULL),
    (54, 2, 3, 99991000, 99991104, '영주헬스트레이너4', 'SIGNED', '2026-04-18', '2027-04-18', 300, '55', NULL, '2026-04-18', '2026-04-18 19:18:00', NULL, NULL, NULL, NULL),
    (55, 2, 3, 99991000, 99991105, '영주헬스트레이너5', 'SIGNED', '2026-03-01', '2027-03-01', 300, '55', NULL, '2026-03-01', '2026-03-01 09:25:00', NULL, NULL, NULL, NULL),
    (56, 2, 3, 99991000, 99991106, '영주헬스트레이너6', 'SIGNED', '2026-03-08', '2027-03-08', 300, '55', NULL, '2026-03-08', '2026-03-08 10:32:00', NULL, NULL, NULL, NULL),
    (57, 2, 3, 99991000, 99991107, '영주헬스트레이너7', 'SIGNED', '2026-03-15', '2027-03-15', 300, '55', NULL, '2026-03-15', '2026-03-15 11:39:00', NULL, NULL, NULL, NULL),
    (58, 2, 3, 99991000, 99991108, '영주헬스트레이너8', 'SIGNED', '2026-03-22', '2027-03-22', 300, '55', NULL, '2026-03-22', '2026-03-22 12:46:00', NULL, NULL, NULL, NULL),
    (59, 2, 3, 99991000, 99991109, '영주헬스트레이너9', 'SIGNED', '2026-03-29', '2027-03-29', 300, '55', NULL, '2026-03-29', '2026-03-29 13:53:00', NULL, NULL, NULL, NULL),
    (60, 2, 3, 99991000, 99991110, '영주헬스트레이너10', 'SIGNED', '2026-04-05', '2027-04-05', 300, '55', NULL, '2026-04-05', '2026-04-05 14:00:00', NULL, NULL, NULL, NULL),
    (63, 3, 3, 99991000, 99990001, '영주헬스 회원1', 'SIGNED', '2026-06-19', '2026-08-19', 20, NULL, NULL, '2026-06-19', '2026-06-19 17:21:00', NULL, '1976-02-02', 0, 30),
    (64, 3, 3, 99991000, 99990002, '영주헬스 회원2', 'SIGNED', '2026-07-02', '2026-09-02', 20, NULL, NULL, '2026-07-02', '2026-07-02 18:28:00', NULL, '1977-03-03', 0, 40),
    (65, 3, 3, 99991000, 99990003, '영주헬스 회원3', 'SIGNED', '2026-05-06', '2026-07-06', 20, NULL, NULL, '2026-05-06', '2026-05-06 19:35:00', NULL, '1978-04-04', 0, 50),
    (66, 3, 3, 99991000, 99990004, '영주헬스 회원4', 'SIGNED', '2026-05-19', '2026-07-19', 20, NULL, NULL, '2026-05-19', '2026-05-19 09:42:00', NULL, '1979-05-05', 1, 0),
    (67, 3, 3, 99991000, 99990005, '영주헬스 회원5', 'SIGNED', '2026-06-01', '2026-08-01', 20, NULL, NULL, '2026-06-01', '2026-06-01 10:49:00', NULL, '1980-06-06', 1, 10),
    (68, 3, 3, 99991000, 99990006, '영주헬스 회원6', 'SIGNED', '2026-06-14', '2026-08-14', 20, NULL, NULL, '2026-06-14', '2026-06-14 11:56:00', NULL, '1981-07-07', 1, 20),
    (69, 3, 3, 99991000, 99990007, '영주헬스 회원7', 'SIGNED', '2026-06-27', '2026-08-27', 20, NULL, NULL, '2026-06-27', '2026-06-27 12:03:00', NULL, '1982-08-08', 1, 30),
    (70, 3, 3, 99991000, 99990008, '영주헬스 회원8', 'SIGNED', '2026-05-01', '2026-07-01', 20, NULL, NULL, '2026-05-01', '2026-05-01 13:10:00', NULL, '1983-09-09', 1, 40),
    (71, 3, 3, 99991000, 99990009, '영주헬스 회원9', 'SIGNED', '2026-05-14', '2026-07-14', 20, NULL, NULL, '2026-05-14', '2026-05-14 14:17:00', NULL, '1984-10-10', 1, 50),
    (72, 3, 3, 99991000, 99990010, '영주헬스 회원10', 'SIGNED', '2026-05-27', '2026-07-27', 20, NULL, NULL, '2026-05-27', '2026-05-27 15:24:00', NULL, '1985-11-11', 2, 0),
    (73, 3, 3, 99991000, 99990011, '영주헬스 회원11', 'SIGNED', '2026-06-09', '2026-08-09', 20, NULL, NULL, '2026-06-09', '2026-06-09 16:31:00', NULL, '1986-12-12', 2, 10),
    (74, 3, 3, 99991000, 99990012, '영주헬스 회원12', 'SIGNED', '2026-06-22', '2026-08-22', 20, NULL, NULL, '2026-06-22', '2026-06-22 17:38:00', NULL, '1987-01-13', 2, 20),
    (75, 3, 3, 99991000, 99990013, '영주헬스 회원13', 'SIGNED', '2026-07-05', '2026-09-05', 20, NULL, NULL, '2026-07-05', '2026-07-05 18:45:00', NULL, '1988-02-14', 2, 30),
    (76, 3, 3, 99991000, 99990014, '영주헬스 회원14', 'SIGNED', '2026-05-09', '2026-07-09', 20, NULL, NULL, '2026-05-09', '2026-05-09 19:52:00', NULL, '1989-03-15', 2, 40),
    (77, 3, 3, 99991000, 99990015, '영주헬스 회원15', 'SIGNED', '2026-05-22', '2026-07-22', 20, NULL, NULL, '2026-05-22', '2026-05-22 09:59:00', NULL, '1990-04-16', 2, 50),
    (78, 3, 3, 99991000, 99990016, '영주헬스 회원16', 'SIGNED', '2026-06-04', '2026-08-04', 20, NULL, NULL, '2026-06-04', '2026-06-04 10:06:00', NULL, '1991-05-17', 0, 30),
    (79, 3, 3, 99991000, 99990017, '영주헬스 회원17', 'SIGNED', '2026-06-17', '2026-08-17', 20, NULL, NULL, '2026-06-17', '2026-06-17 11:13:00', NULL, '1992-06-18', 0, 40),
    (80, 3, 3, 99991000, 99990018, '영주헬스 회원18', 'SIGNED', '2026-06-30', '2026-08-30', 20, NULL, NULL, '2026-06-30', '2026-06-30 12:20:00', NULL, '1993-07-19', 0, 50),
    (81, 3, 3, 99991000, 99990019, '영주헬스 회원19', 'SIGNED', '2026-05-04', '2026-07-04', 20, NULL, NULL, '2026-05-04', '2026-05-04 13:27:00', NULL, '1994-08-20', 1, 0),
    (82, 3, 3, 99991000, 99990020, '영주헬스 회원20', 'SIGNED', '2026-05-17', '2026-07-17', 20, NULL, NULL, '2026-05-17', '2026-05-17 14:34:00', NULL, '1995-09-21', 1, 10),
    (83, 3, 3, 99991000, 99990021, '영주헬스 회원21', 'SIGNED', '2026-05-30', '2026-07-30', 20, NULL, NULL, '2026-05-30', '2026-05-30 15:41:00', NULL, '1996-10-22', 1, 20),
    (84, 3, 3, 99991000, 99990022, '영주헬스 회원22', 'SIGNED', '2026-06-12', '2026-08-12', 20, NULL, NULL, '2026-06-12', '2026-06-12 16:48:00', NULL, '1997-11-23', 1, 30),
    (85, 3, 3, 99991000, 99990023, '영주헬스 회원23', 'SIGNED', '2026-06-25', '2026-08-25', 20, NULL, NULL, '2026-06-25', '2026-06-25 17:55:00', NULL, '1998-12-24', 1, 40),
    (86, 3, 3, 99991000, 99990024, '영주헬스 회원24', 'SIGNED', '2026-07-08', '2026-09-08', 20, NULL, NULL, '2026-07-08', '2026-07-08 18:02:00', NULL, '1999-01-25', 1, 50),
    (87, 3, 3, 99991000, 99990025, '영주헬스 회원25', 'SIGNED', '2026-05-12', '2026-07-12', 20, NULL, NULL, '2026-05-12', '2026-05-12 19:09:00', NULL, '1975-02-26', 2, 0),
    (88, 3, 3, 99991000, 99990026, '영주헬스 회원26', 'SIGNED', '2026-05-25', '2026-07-25', 20, NULL, NULL, '2026-05-25', '2026-05-25 09:16:00', NULL, '1976-03-27', 2, 10),
    (89, 3, 3, 99991000, 99990027, '영주헬스 회원27', 'SIGNED', '2026-06-07', '2026-08-07', 20, NULL, NULL, '2026-06-07', '2026-06-07 10:23:00', NULL, '1977-04-01', 2, 20),
    (90, 3, 3, 99991000, 99990028, '영주헬스 회원28', 'SIGNED', '2026-06-20', '2026-08-20', 20, NULL, NULL, '2026-06-20', '2026-06-20 11:30:00', NULL, '1978-05-02', 2, 30),
    (91, 3, 3, 99991000, 99990029, '영주헬스 회원29', 'SIGNED', '2026-07-03', '2026-09-03', 20, NULL, NULL, '2026-07-03', '2026-07-03 12:37:00', NULL, '1979-06-03', 2, 40),
    (92, 3, 3, 99991000, 99990030, '영주헬스 회원30', 'SIGNED', '2026-05-07', '2026-07-07', 20, NULL, NULL, '2026-05-07', '2026-05-07 13:44:00', NULL, '1980-07-04', 2, 50),
    (99, 4, 3, 99991000, 99990031, '영주헬스 pt회원1', 'SIGNED', '2026-05-28', '2026-08-28', 100, NULL, 20, '2026-05-28', '2026-05-28 09:33:00', 99991101, '1981-02-06', 1, 40),
    (100, 4, 3, 99991000, 99990032, '영주헬스 pt회원2', 'SIGNED', '2026-06-10', '2026-09-10', 150, NULL, 30, '2026-06-10', '2026-06-10 10:40:00', 99991102, '1984-03-11', 2, 50),
    (101, 4, 3, 99991000, 99990033, '영주헬스 pt회원3', 'SIGNED', '2026-06-23', '2026-09-23', 50, NULL, 10, '2026-06-23', '2026-06-23 11:47:00', 99991103, '1987-04-16', 1, 30),
    (102, 4, 3, 99991000, 99990034, '영주헬스 pt회원4', 'SIGNED', '2026-07-06', '2026-10-06', 100, NULL, 20, '2026-07-06', '2026-07-06 12:54:00', 99991104, '1990-05-21', 2, 40),
    (103, 4, 3, 99991000, 99990035, '영주헬스 pt회원5', 'SIGNED', '2026-05-10', '2026-08-10', 150, NULL, 30, '2026-05-10', '2026-05-10 13:01:00', 99991105, '1993-06-26', 1, 20),
    (104, 4, 3, 99991000, 99990036, '영주헬스 pt회원6', 'SIGNED', '2026-05-23', '2026-08-23', 50, NULL, 10, '2026-05-23', '2026-05-23 14:08:00', 99991106, '1996-07-04', 2, 30),
    (105, 4, 3, 99991000, 99990037, '영주헬스 pt회원7', 'SIGNED', '2026-06-05', '2026-09-05', 100, NULL, 20, '2026-06-05', '2026-06-05 15:15:00', 99991107, '1999-08-09', 1, 10),
    (106, 4, 3, 99991000, 99990038, '영주헬스 pt회원8', 'SIGNED', '2026-06-18', '2026-09-18', 150, NULL, 30, '2026-06-18', '2026-06-18 16:22:00', 99991108, '1980-09-14', 2, 20),
    (107, 4, 3, 99991000, 99990039, '영주헬스 pt회원9', 'SIGNED', '2026-07-01', '2026-10-01', 50, NULL, 10, '2026-07-01', '2026-07-01 17:29:00', 99991109, '1983-10-19', 1, 0),
    (108, 4, 3, 99991000, 99990040, '영주헬스 pt회원10', 'SIGNED', '2026-05-05', '2026-08-05', 100, NULL, 20, '2026-05-05', '2026-05-05 18:36:00', 99991110, '1986-11-24', 2, 10),
    (109, 4, 3, 99991000, 99990041, '영주헬스 pt회원11', 'SIGNED', '2026-05-18', '2026-08-18', 150, NULL, 30, '2026-05-18', '2026-05-18 19:43:00', 99991101, '1989-12-02', 0, 50),
    (110, 4, 3, 99991000, 99990042, '영주헬스 pt회원12', 'SIGNED', '2026-05-31', '2026-08-31', 50, NULL, 10, '2026-05-31', '2026-05-31 09:50:00', 99991102, '1992-01-07', 2, 0),
    (111, 4, 3, 99991000, 99990043, '영주헬스 pt회원13', 'SIGNED', '2026-06-13', '2026-09-13', 100, NULL, 20, '2026-06-13', '2026-06-13 10:57:00', 99991103, '1995-02-12', 0, 40),
    (112, 4, 3, 99991000, 99990044, '영주헬스 pt회원14', 'SIGNED', '2026-06-26', '2026-09-26', 150, NULL, 30, '2026-06-26', '2026-06-26 11:04:00', 99991104, '1998-03-17', 1, 50),
    (113, 4, 3, 99991000, 99990045, '영주헬스 pt회원15', 'SIGNED', '2026-07-09', '2026-10-09', 50, NULL, 10, '2026-07-09', '2026-07-09 12:11:00', 99991105, '1979-04-22', 0, 30),
    (114, 4, 3, 99991000, 99990046, '영주헬스 pt회원16', 'SIGNED', '2026-05-13', '2026-08-13', 100, NULL, 20, '2026-05-13', '2026-05-13 13:18:00', 99991106, '1982-05-27', 1, 40),
    (115, 4, 3, 99991000, 99990047, '영주헬스 pt회원17', 'SIGNED', '2026-05-26', '2026-08-26', 150, NULL, 30, '2026-05-26', '2026-05-26 14:25:00', 99991107, '1985-06-05', 2, 50),
    (116, 4, 3, 99991000, 99990048, '영주헬스 pt회원18', 'SIGNED', '2026-06-08', '2026-09-08', 50, NULL, 10, '2026-06-08', '2026-06-08 15:32:00', 99991108, '1988-07-10', 1, 30),
    (117, 4, 3, 99991000, 99990049, '영주헬스 pt회원19', 'SIGNED', '2026-06-21', '2026-09-21', 100, NULL, 20, '2026-06-21', '2026-06-21 16:39:00', 99991109, '1991-08-15', 2, 40),
    (118, 4, 3, 99991000, 99990050, '영주헬스 pt회원20', 'SIGNED', '2026-07-04', '2026-10-04', 150, NULL, 30, '2026-07-04', '2026-07-04 17:46:00', 99991110, '1994-09-20', 1, 20);

INSERT INTO "h_contract_data" (data_id, contract, gym_id, sender_id, receiver_id, receiver_name, status, start_date, end_date, amount, contract_rate, quantity, issue_date, signed_at, manager_id, birth_date, avg_workout_hour, avg_workout_minute) VALUES
    (119, 4, 3, 99991000, 99990051, '영주헬스 pt회원21', 'SIGNED', '2026-05-08', '2026-08-08', 50, NULL, 10, '2026-05-08', '2026-05-08 18:53:00', 99991101, '1997-10-25', 2, 30),
    (120, 4, 3, 99991000, 99990052, '영주헬스 pt회원22', 'SIGNED', '2026-05-21', '2026-08-21', 100, NULL, 20, '2026-05-21', '2026-05-21 19:00:00', 99991102, '1978-11-03', 1, 10),
    (121, 4, 3, 99991000, 99990053, '영주헬스 pt회원23', 'SIGNED', '2026-06-03', '2026-09-03', 150, NULL, 30, '2026-06-03', '2026-06-03 09:07:00', 99991103, '1981-12-08', 2, 20);


-- ----------------------------------------------------------------------------
-- h_check_inout — 출석 358건 (계약기간 내, duration=계약서 평균 운동시간(분), 회원별 패턴 다양) (358건)
-- ----------------------------------------------------------------------------
INSERT INTO "h_check_inout" (username, check_in, duration, gym_id) VALUES
    (99990040, '2026-05-07 12:09:00', 130, 3),
    (99990019, '2026-05-08 14:22:00', 60, 3),
    (99990030, '2026-05-09 06:33:00', 170, 3),
    (99990051, '2026-05-09 08:14:00', 150, 3),
    (99990025, '2026-05-12 14:30:00', 120, 3),
    (99990035, '2026-05-12 21:15:00', 80, 3),
    (99990040, '2026-05-13 12:57:00', 130, 3),
    (99990003, '2026-05-14 09:41:00', 50, 3),
    (99990030, '2026-05-14 09:57:00', 170, 3),
    (99990025, '2026-05-14 12:24:00', 120, 3),
    (99990035, '2026-05-14 18:24:00', 80, 3),
    (99990046, '2026-05-15 13:31:00', 100, 3),
    (99990035, '2026-05-15 20:07:00', 80, 3),
    (99990051, '2026-05-16 09:40:00', 150, 3),
    (99990040, '2026-05-16 12:01:00', 130, 3),
    (99990025, '2026-05-16 13:33:00', 120, 3),
    (99990009, '2026-05-17 07:31:00', 110, 3),
    (99990014, '2026-05-18 08:12:00', 160, 3),
    (99990041, '2026-05-18 18:02:00', 50, 3),
    (99990004, '2026-05-19 14:48:00', 60, 3),
    (99990051, '2026-05-20 08:11:00', 150, 3),
    (99990040, '2026-05-20 14:57:00', 130, 3),
    (99990025, '2026-05-21 12:15:00', 120, 3),
    (99990052, '2026-05-21 13:28:00', 70, 3),
    (99990035, '2026-05-21 18:23:00', 80, 3),
    (99990014, '2026-05-21 21:18:00', 160, 3),
    (99990025, '2026-05-22 12:41:00', 120, 3),
    (99990041, '2026-05-22 20:20:00', 50, 3),
    (99990025, '2026-05-23 12:44:00', 120, 3),
    (99990041, '2026-05-23 19:58:00', 50, 3),
    (99990035, '2026-05-23 20:13:00', 80, 3),
    (99990015, '2026-05-24 08:12:00', 170, 3),
    (99990025, '2026-05-24 13:02:00', 120, 3),
    (99990041, '2026-05-24 18:59:00', 50, 3),
    (99990035, '2026-05-24 21:36:00', 80, 3),
    (99990019, '2026-05-25 13:12:00', 60, 3),
    (99990052, '2026-05-26 12:25:00', 70, 3),
    (99990030, '2026-05-27 06:21:00', 170, 3),
    (99990010, '2026-05-27 12:35:00', 120, 3),
    (99990019, '2026-05-27 12:36:00', 60, 3),
    (99990015, '2026-05-27 14:06:00', 170, 3),
    (99990035, '2026-05-27 21:53:00', 80, 3),
    (99990051, '2026-05-28 09:10:00', 150, 3),
    (99990025, '2026-05-28 14:10:00', 120, 3),
    (99990035, '2026-05-28 21:55:00', 80, 3),
    (99990052, '2026-05-29 12:16:00', 70, 3),
    (99990046, '2026-05-29 12:31:00', 100, 3),
    (99990025, '2026-05-29 13:21:00', 120, 3),
    (99990031, '2026-05-29 21:07:00', 100, 3),
    (99990035, '2026-05-29 21:44:00', 80, 3),
    (99990021, '2026-05-30 07:06:00', 80, 3),
    (99990015, '2026-05-30 09:01:00', 170, 3),
    (99990052, '2026-05-30 14:33:00', 70, 3),
    (99990041, '2026-05-30 18:15:00', 50, 3),
    (99990010, '2026-05-31 13:32:00', 120, 3),
    (99990015, '2026-05-31 14:11:00', 170, 3),
    (99990040, '2026-05-31 14:46:00', 130, 3),
    (99990041, '2026-05-31 18:30:00', 50, 3),
    (99990026, '2026-05-31 19:20:00', 130, 3),
    (99990015, '2026-06-01 09:23:00', 170, 3);

INSERT INTO "h_check_inout" (username, check_in, duration, gym_id) VALUES
    (99990010, '2026-06-01 14:06:00', 120, 3),
    (99990031, '2026-06-01 14:47:00', 100, 3),
    (99990036, '2026-06-02 06:02:00', 150, 3),
    (99990042, '2026-06-02 07:31:00', 120, 3),
    (99990021, '2026-06-02 07:57:00', 80, 3),
    (99990031, '2026-06-02 18:26:00', 100, 3),
    (99990041, '2026-06-02 18:28:00', 50, 3),
    (99990020, '2026-06-02 18:48:00', 70, 3),
    (99990003, '2026-06-03 06:55:00', 50, 3),
    (99990030, '2026-06-03 07:28:00', 170, 3),
    (99990036, '2026-06-03 08:24:00', 150, 3),
    (99990046, '2026-06-03 12:23:00', 100, 3),
    (99990041, '2026-06-03 19:49:00', 50, 3),
    (99990005, '2026-06-03 21:08:00', 70, 3),
    (99990005, '2026-06-04 18:24:00', 70, 3),
    (99990042, '2026-06-05 07:21:00', 120, 3),
    (99990004, '2026-06-05 13:15:00', 60, 3),
    (99990046, '2026-06-05 14:43:00', 100, 3),
    (99990040, '2026-06-05 14:59:00', 130, 3),
    (99990021, '2026-06-06 07:08:00', 80, 3),
    (99990046, '2026-06-06 12:00:00', 100, 3),
    (99990021, '2026-06-07 06:56:00', 80, 3),
    (99990009, '2026-06-07 08:45:00', 110, 3),
    (99990015, '2026-06-07 14:04:00', 170, 3),
    (99990046, '2026-06-07 14:12:00', 100, 3),
    (99990026, '2026-06-07 21:01:00', 130, 3),
    (99990048, '2026-06-08 06:58:00', 90, 3),
    (99990027, '2026-06-08 09:01:00', 140, 3),
    (99990052, '2026-06-08 12:00:00', 70, 3),
    (99990037, '2026-06-08 13:46:00', 70, 3),
    (99990019, '2026-06-08 14:59:00', 60, 3),
    (99990035, '2026-06-08 21:02:00', 80, 3),
    (99990027, '2026-06-09 06:56:00', 140, 3),
    (99990021, '2026-06-09 08:08:00', 80, 3),
    (99990009, '2026-06-09 08:40:00', 110, 3),
    (99990052, '2026-06-09 12:40:00', 70, 3),
    (99990037, '2026-06-09 13:19:00', 70, 3),
    (99990015, '2026-06-09 14:42:00', 170, 3),
    (99990048, '2026-06-10 06:24:00', 90, 3),
    (99990032, '2026-06-10 07:47:00', 170, 3),
    (99990009, '2026-06-10 08:41:00', 110, 3),
    (99990027, '2026-06-10 09:36:00', 140, 3),
    (99990031, '2026-06-10 13:24:00', 100, 3),
    (99990005, '2026-06-10 21:28:00', 70, 3),
    (99990015, '2026-06-11 06:53:00', 170, 3),
    (99990036, '2026-06-11 08:18:00', 150, 3),
    (99990011, '2026-06-11 18:09:00', 130, 3),
    (99990032, '2026-06-11 19:54:00', 170, 3),
    (99990035, '2026-06-11 21:25:00', 80, 3),
    (99990046, '2026-06-12 12:18:00', 100, 3),
    (99990037, '2026-06-12 14:48:00', 70, 3),
    (99990041, '2026-06-12 18:32:00', 50, 3),
    (99990005, '2026-06-12 19:59:00', 70, 3),
    (99990021, '2026-06-13 08:34:00', 80, 3),
    (99990004, '2026-06-13 14:59:00', 60, 3),
    (99990032, '2026-06-13 18:22:00', 170, 3),
    (99990041, '2026-06-13 19:46:00', 50, 3),
    (99990035, '2026-06-13 20:16:00', 80, 3),
    (99990021, '2026-06-14 09:42:00', 80, 3),
    (99990046, '2026-06-14 13:16:00', 100, 3);

INSERT INTO "h_check_inout" (username, check_in, duration, gym_id) VALUES
    (99990037, '2026-06-14 13:17:00', 70, 3),
    (99990003, '2026-06-14 13:25:00', 50, 3),
    (99990043, '2026-06-14 14:05:00', 40, 3),
    (99990041, '2026-06-14 18:09:00', 50, 3),
    (99990035, '2026-06-14 18:49:00', 80, 3),
    (99990047, '2026-06-14 20:21:00', 170, 3),
    (99990032, '2026-06-14 21:02:00', 170, 3),
    (99990031, '2026-06-15 12:15:00', 100, 3),
    (99990019, '2026-06-15 12:49:00', 60, 3),
    (99990040, '2026-06-15 13:24:00', 130, 3),
    (99990041, '2026-06-15 18:38:00', 50, 3),
    (99990032, '2026-06-15 19:31:00', 170, 3),
    (99990035, '2026-06-15 20:02:00', 80, 3),
    (99990047, '2026-06-15 20:03:00', 170, 3),
    (99990021, '2026-06-16 09:01:00', 80, 3),
    (99990043, '2026-06-16 12:36:00', 40, 3),
    (99990003, '2026-06-16 14:35:00', 50, 3),
    (99990047, '2026-06-16 19:36:00', 170, 3),
    (99990032, '2026-06-16 20:23:00', 170, 3),
    (99990053, '2026-06-16 20:42:00', 140, 3),
    (99990041, '2026-06-16 21:34:00', 50, 3),
    (99990048, '2026-06-17 08:51:00', 90, 3),
    (99990046, '2026-06-17 12:06:00', 100, 3),
    (99990043, '2026-06-17 12:47:00', 40, 3),
    (99990040, '2026-06-17 13:30:00', 130, 3),
    (99990032, '2026-06-17 18:48:00', 170, 3),
    (99990005, '2026-06-17 21:05:00', 70, 3),
    (99990042, '2026-06-18 06:34:00', 120, 3),
    (99990021, '2026-06-18 09:01:00', 80, 3),
    (99990030, '2026-06-18 09:47:00', 170, 3),
    (99990019, '2026-06-18 12:53:00', 60, 3),
    (99990035, '2026-06-18 19:51:00', 80, 3),
    (99990032, '2026-06-18 20:05:00', 170, 3),
    (99990047, '2026-06-18 20:47:00', 170, 3),
    (99990038, '2026-06-18 21:04:00', 140, 3),
    (99990008, '2026-06-18 21:22:00', 100, 3),
    (99990032, '2026-06-19 06:08:00', 170, 3),
    (99990048, '2026-06-19 09:39:00', 90, 3),
    (99990052, '2026-06-19 12:42:00', 70, 3),
    (99990043, '2026-06-19 13:09:00', 40, 3),
    (99990019, '2026-06-19 13:21:00', 60, 3),
    (99990008, '2026-06-19 19:32:00', 100, 3),
    (99990017, '2026-06-19 20:14:00', 40, 3),
    (99990038, '2026-06-19 20:38:00', 140, 3),
    (99990041, '2026-06-19 20:44:00', 50, 3),
    (99990016, '2026-06-20 13:34:00', 30, 3),
    (99990043, '2026-06-20 14:49:00', 40, 3),
    (99990011, '2026-06-20 18:05:00', 130, 3),
    (99990038, '2026-06-20 19:04:00', 140, 3),
    (99990026, '2026-06-20 19:26:00', 130, 3),
    (99990032, '2026-06-20 20:39:00', 170, 3),
    (99990006, '2026-06-21 06:18:00', 80, 3),
    (99990021, '2026-06-21 07:04:00', 80, 3),
    (99990032, '2026-06-21 07:45:00', 170, 3),
    (99990003, '2026-06-21 07:59:00', 50, 3),
    (99990049, '2026-06-21 12:04:00', 160, 3),
    (99990040, '2026-06-21 13:19:00', 130, 3),
    (99990019, '2026-06-21 13:40:00', 60, 3),
    (99990010, '2026-06-21 13:42:00', 120, 3),
    (99990031, '2026-06-21 13:57:00', 100, 3);

INSERT INTO "h_check_inout" (username, check_in, duration, gym_id) VALUES
    (99990037, '2026-06-21 14:33:00', 70, 3),
    (99990022, '2026-06-21 14:34:00', 90, 3),
    (99990035, '2026-06-21 19:15:00', 80, 3),
    (99990008, '2026-06-21 19:32:00', 100, 3),
    (99990038, '2026-06-21 20:53:00', 140, 3),
    (99990012, '2026-06-22 06:32:00', 140, 3),
    (99990030, '2026-06-22 07:39:00', 170, 3),
    (99990052, '2026-06-22 12:04:00', 70, 3),
    (99990049, '2026-06-22 12:45:00', 160, 3),
    (99990037, '2026-06-22 14:48:00', 70, 3),
    (99990010, '2026-06-22 14:58:00', 120, 3),
    (99990008, '2026-06-22 18:02:00', 100, 3),
    (99990038, '2026-06-22 19:35:00', 140, 3),
    (99990011, '2026-06-22 20:55:00', 130, 3),
    (99990041, '2026-06-22 21:59:00', 50, 3),
    (99990032, '2026-06-23 09:37:00', 170, 3),
    (99990049, '2026-06-23 12:13:00', 160, 3),
    (99990022, '2026-06-23 14:01:00', 90, 3),
    (99990017, '2026-06-23 18:17:00', 40, 3),
    (99990038, '2026-06-23 20:01:00', 140, 3),
    (99990011, '2026-06-23 21:01:00', 130, 3),
    (99990008, '2026-06-23 21:59:00', 100, 3),
    (99990032, '2026-06-24 06:01:00', 170, 3),
    (99990021, '2026-06-24 09:56:00', 80, 3),
    (99990049, '2026-06-24 12:42:00', 160, 3),
    (99990043, '2026-06-24 13:22:00', 40, 3),
    (99990041, '2026-06-24 18:15:00', 50, 3),
    (99990001, '2026-06-24 18:19:00', 30, 3),
    (99990020, '2026-06-24 18:27:00', 70, 3),
    (99990038, '2026-06-24 20:06:00', 140, 3),
    (99990012, '2026-06-25 07:19:00', 140, 3),
    (99990053, '2026-06-25 08:45:00', 140, 3),
    (99990037, '2026-06-25 12:04:00', 70, 3),
    (99990046, '2026-06-25 12:34:00', 100, 3),
    (99990043, '2026-06-25 12:45:00', 40, 3),
    (99990049, '2026-06-25 13:16:00', 160, 3),
    (99990011, '2026-06-25 18:23:00', 130, 3),
    (99990038, '2026-06-25 18:28:00', 140, 3),
    (99990035, '2026-06-25 20:09:00', 80, 3),
    (99990023, '2026-06-25 20:45:00', 100, 3),
    (99990041, '2026-06-25 21:30:00', 50, 3),
    (99990003, '2026-06-26 08:54:00', 50, 3),
    (99990012, '2026-06-26 09:13:00', 140, 3),
    (99990052, '2026-06-26 12:07:00', 70, 3),
    (99990049, '2026-06-26 12:53:00', 160, 3),
    (99990001, '2026-06-26 12:54:00', 30, 3),
    (99990028, '2026-06-26 13:49:00', 150, 3),
    (99990031, '2026-06-26 13:55:00', 100, 3),
    (99990038, '2026-06-26 19:04:00', 140, 3),
    (99990008, '2026-06-26 19:08:00', 100, 3),
    (99990044, '2026-06-26 21:24:00', 110, 3),
    (99990009, '2026-06-27 06:40:00', 110, 3),
    (99990021, '2026-06-27 08:16:00', 80, 3),
    (99990037, '2026-06-27 13:32:00', 70, 3),
    (99990031, '2026-06-27 14:37:00', 100, 3),
    (99990038, '2026-06-27 18:43:00', 140, 3),
    (99990044, '2026-06-27 19:07:00', 110, 3),
    (99990011, '2026-06-27 20:06:00', 130, 3),
    (99990033, '2026-06-28 06:15:00', 90, 3),
    (99990021, '2026-06-28 09:45:00', 80, 3);

INSERT INTO "h_check_inout" (username, check_in, duration, gym_id) VALUES
    (99990035, '2026-06-28 18:46:00', 80, 3),
    (99990041, '2026-06-28 20:05:00', 50, 3),
    (99990044, '2026-06-28 20:09:00', 110, 3),
    (99990038, '2026-06-28 20:18:00', 140, 3),
    (99990026, '2026-06-28 20:48:00', 130, 3),
    (99990012, '2026-06-29 06:03:00', 140, 3),
    (99990001, '2026-06-29 13:16:00', 30, 3),
    (99990037, '2026-06-29 13:18:00', 70, 3),
    (99990028, '2026-06-29 14:29:00', 150, 3),
    (99990049, '2026-06-29 14:38:00', 160, 3),
    (99990041, '2026-06-29 18:00:00', 50, 3),
    (99990044, '2026-06-29 19:45:00', 110, 3),
    (99990038, '2026-06-29 21:10:00', 140, 3),
    (99990023, '2026-06-29 21:40:00', 100, 3),
    (99990032, '2026-06-29 21:58:00', 170, 3),
    (99990021, '2026-06-30 06:33:00', 80, 3),
    (99990032, '2026-06-30 06:54:00', 170, 3),
    (99990012, '2026-06-30 09:30:00', 140, 3),
    (99990040, '2026-06-30 12:00:00', 130, 3),
    (99990001, '2026-06-30 12:30:00', 30, 3),
    (99990049, '2026-06-30 12:49:00', 160, 3),
    (99990028, '2026-06-30 13:22:00', 150, 3),
    (99990043, '2026-06-30 13:53:00', 40, 3),
    (99990004, '2026-06-30 14:00:00', 60, 3),
    (99990038, '2026-06-30 19:30:00', 140, 3),
    (99990044, '2026-06-30 20:36:00', 110, 3),
    (99990008, '2026-06-30 21:56:00', 100, 3),
    (99990030, '2026-07-01 07:05:00', 170, 3),
    (99990033, '2026-07-01 08:23:00', 90, 3),
    (99990009, '2026-07-01 09:39:00', 110, 3),
    (99990021, '2026-07-01 09:52:00', 80, 3),
    (99990028, '2026-07-01 12:51:00', 150, 3),
    (99990052, '2026-07-01 13:44:00', 70, 3),
    (99990044, '2026-07-01 18:35:00', 110, 3),
    (99990041, '2026-07-01 21:08:00', 50, 3),
    (99990038, '2026-07-01 21:49:00', 140, 3),
    (99990012, '2026-07-02 06:21:00', 140, 3),
    (99990021, '2026-07-02 07:10:00', 80, 3),
    (99990037, '2026-07-02 14:40:00', 70, 3),
    (99990002, '2026-07-02 18:04:00', 40, 3),
    (99990022, '2026-07-02 18:50:00', 90, 3),
    (99990053, '2026-07-02 18:54:00', 140, 3),
    (99990044, '2026-07-02 19:10:00', 110, 3),
    (99990038, '2026-07-02 19:44:00', 140, 3),
    (99990047, '2026-07-02 20:01:00', 170, 3),
    (99990020, '2026-07-02 20:08:00', 70, 3),
    (99990032, '2026-07-02 20:49:00', 170, 3),
    (99990035, '2026-07-02 21:06:00', 80, 3),
    (99990052, '2026-07-03 12:41:00', 70, 3),
    (99990049, '2026-07-03 13:32:00', 160, 3),
    (99990001, '2026-07-03 13:37:00', 30, 3),
    (99990046, '2026-07-03 14:38:00', 100, 3),
    (99990053, '2026-07-03 18:25:00', 140, 3),
    (99990044, '2026-07-03 18:37:00', 110, 3),
    (99990038, '2026-07-03 19:22:00', 140, 3),
    (99990002, '2026-07-03 20:43:00', 40, 3),
    (99990032, '2026-07-03 21:09:00', 170, 3),
    (99990021, '2026-07-04 08:57:00', 80, 3),
    (99990039, '2026-07-04 09:16:00', 60, 3),
    (99990043, '2026-07-04 12:08:00', 40, 3);

INSERT INTO "h_check_inout" (username, check_in, duration, gym_id) VALUES
    (99990049, '2026-07-04 12:29:00', 160, 3),
    (99990052, '2026-07-04 12:42:00', 70, 3),
    (99990016, '2026-07-04 12:44:00', 30, 3),
    (99990040, '2026-07-04 13:12:00', 130, 3),
    (99990028, '2026-07-04 13:31:00', 150, 3),
    (99990031, '2026-07-04 14:33:00', 100, 3),
    (99990029, '2026-07-04 19:06:00', 160, 3),
    (99990050, '2026-07-04 19:29:00', 80, 3),
    (99990053, '2026-07-04 19:32:00', 140, 3),
    (99990014, '2026-07-04 19:38:00', 160, 3),
    (99990035, '2026-07-04 19:52:00', 80, 3),
    (99990032, '2026-07-04 20:04:00', 170, 3),
    (99990011, '2026-07-04 20:49:00', 130, 3),
    (99990044, '2026-07-04 21:11:00', 110, 3),
    (99990038, '2026-07-04 21:15:00', 140, 3),
    (99990018, '2026-07-05 06:10:00', 50, 3),
    (99990021, '2026-07-05 09:17:00', 80, 3),
    (99990043, '2026-07-05 13:05:00', 40, 3),
    (99990049, '2026-07-05 14:48:00', 160, 3),
    (99990044, '2026-07-05 18:35:00', 110, 3),
    (99990053, '2026-07-05 21:00:00', 140, 3),
    (99990050, '2026-07-05 21:37:00', 80, 3),
    (99990038, '2026-07-05 21:43:00', 140, 3),
    (99990012, '2026-07-06 07:04:00', 140, 3),
    (99990018, '2026-07-06 07:05:00', 50, 3),
    (99990039, '2026-07-06 08:14:00', 60, 3),
    (99990050, '2026-07-06 08:33:00', 80, 3),
    (99990052, '2026-07-06 13:17:00', 70, 3),
    (99990034, '2026-07-06 14:41:00', 160, 3),
    (99990038, '2026-07-06 18:16:00', 140, 3),
    (99990029, '2026-07-06 18:28:00', 160, 3),
    (99990032, '2026-07-06 18:46:00', 170, 3),
    (99990053, '2026-07-06 19:37:00', 140, 3),
    (99990001, '2026-07-06 20:37:00', 30, 3),
    (99990041, '2026-07-06 20:55:00', 50, 3),
    (99990044, '2026-07-06 21:11:00', 110, 3),
    (99990004, '2026-07-07 13:07:00', 60, 3),
    (99990049, '2026-07-07 13:57:00', 160, 3),
    (99990034, '2026-07-07 14:34:00', 160, 3),
    (99990038, '2026-07-07 18:24:00', 140, 3),
    (99990035, '2026-07-07 18:50:00', 80, 3),
    (99990041, '2026-07-07 20:21:00', 50, 3),
    (99990022, '2026-07-07 20:39:00', 90, 3),
    (99990011, '2026-07-07 20:49:00', 130, 3),
    (99990050, '2026-07-07 20:49:00', 80, 3),
    (99990023, '2026-07-07 20:51:00', 100, 3),
    (99990044, '2026-07-07 21:26:00', 110, 3),
    (99990012, '2026-07-08 06:06:00', 140, 3),
    (99990039, '2026-07-08 06:29:00', 60, 3),
    (99990049, '2026-07-08 13:25:00', 160, 3),
    (99990046, '2026-07-08 14:19:00', 100, 3),
    (99990034, '2026-07-08 14:25:00', 160, 3),
    (99990043, '2026-07-08 14:58:00', 40, 3),
    (99990038, '2026-07-08 19:37:00', 140, 3),
    (99990041, '2026-07-08 20:12:00', 50, 3),
    (99990050, '2026-07-08 20:35:00', 80, 3),
    (99990044, '2026-07-08 21:37:00', 110, 3),
    (99990032, '2026-07-08 21:56:00', 170, 3);


-- ----------------------------------------------------------------------------
-- h_survey — 설문 49건 (응답 44명·재설문 5명·미응답 9명, 출석 빈도와 만족도 상관) (49건)
-- ----------------------------------------------------------------------------
INSERT INTO "h_survey" (username, cost_rate, employee_rate, service_rate, equip_rate, member_issue, injury_issue, injury_area) VALUES
    (99990001, 3, 3, 4, 4, false, false, NULL),
    (99990001, 2, 4, 5, 4, false, false, NULL),
    (99990002, 3, 3, 3, 4, false, false, NULL),
    (99990003, 2, 3, 3, 3, true, false, NULL),
    (99990004, 2, 4, 4, 4, false, false, NULL),
    (99990005, 2, 2, 2, 2, false, false, NULL),
    (99990006, 1, 2, 2, 3, false, false, NULL),
    (99990008, 3, 4, 3, 2, false, false, NULL),
    (99990011, 4, 3, 5, 3, false, false, NULL),
    (99990012, 3, 4, 4, 4, false, true, '손목'),
    (99990013, 1, 2, 2, 2, true, false, NULL),
    (99990014, 2, 2, 3, 2, false, false, NULL),
    (99990015, 3, 3, 2, 2, true, false, NULL),
    (99990016, 2, 2, 3, 3, true, true, '어깨'),
    (99990017, 3, 3, 2, 2, false, false, NULL),
    (99990018, 2, 4, 5, 4, false, false, NULL),
    (99990019, 2, 2, 2, 3, true, true, '무릎'),
    (99990021, 4, 4, 4, 4, false, false, NULL),
    (99990022, 3, 3, 3, 4, false, false, NULL),
    (99990023, 3, 4, 5, 5, false, false, NULL),
    (99990026, 1, 3, 3, 2, true, true, '팔꿈치'),
    (99990027, 2, 3, 3, 2, false, false, NULL),
    (99990028, 4, 4, 5, 4, false, false, NULL),
    (99990030, 4, 4, 2, 3, false, true, '어깨'),
    (99990031, 4, 4, 4, 2, false, false, NULL),
    (99990032, 5, 5, 4, 3, false, false, NULL),
    (99990033, 3, 2, 3, 2, true, false, NULL),
    (99990034, 5, 3, 4, 4, false, false, NULL),
    (99990035, 3, 5, 3, 4, false, false, NULL),
    (99990036, 1, 1, 2, 2, true, false, NULL),
    (99990037, 4, 4, 4, 3, true, false, NULL),
    (99990037, 3, 5, 5, 3, true, false, NULL),
    (99990038, 3, 5, 4, 4, false, false, NULL),
    (99990039, 4, 4, 4, 4, false, false, NULL),
    (99990041, 4, 5, 4, 4, false, true, '허리'),
    (99990042, 2, 3, 3, 2, false, false, NULL),
    (99990043, 3, 4, 3, 5, false, false, NULL),
    (99990043, 2, 5, 2, 5, false, false, NULL),
    (99990044, 4, 4, 4, 4, false, false, NULL),
    (99990044, 5, 4, 3, 4, false, false, NULL),
    (99990045, 1, 1, 2, 1, true, true, '손목'),
    (99990046, 3, 3, 3, 2, false, false, NULL),
    (99990047, 2, 2, 4, 3, false, false, NULL),
    (99990048, 2, 4, 3, 3, true, false, NULL),
    (99990049, 5, 5, 5, 5, true, false, NULL),
    (99990049, 5, 5, 5, 5, true, false, NULL),
    (99990050, 4, 3, 3, 4, false, false, NULL),
    (99990051, 2, 1, 1, 3, true, false, NULL),
    (99990053, 2, 2, 4, 3, true, false, NULL);


-- ----------------------------------------------------------------------------
-- (참고) identity 시퀀스 동기화 — 명시 PK 삽입 후 실행
-- ----------------------------------------------------------------------------
SELECT setval(pg_get_serial_sequence('"h_contract_data"', 'data_id'), (SELECT max(data_id) FROM "h_contract_data"));
SELECT setval(pg_get_serial_sequence('"h_survey"', 'survey_id'), (SELECT max(survey_id) FROM "h_survey"));

